<?xml version="1.0" encoding="utf-8"?>
<extension version="3.1" type="plugin" group="system" method="upgrade">
	<name>System - Minitek System Messages</name>
	<author>Minitek.gr</author>
	<creationDate>August 2017</creationDate>
	<copyright>Copyright (C) 2011 - 2019 Minitek.gr. All rights reserved.</copyright>
	<license>GNU General Public License version 3 or later</license>
	<authorUrl>https://www.minitek.gr</authorUrl>
	<version>4.0.0</version>
	<description>An unobtrusive notification system for Joomla system messages.</description>

	<files>
		<folder>admin</folder>
		<folder>assets</folder>
		<filename plugin="miniteksystemmessages">miniteksystemmessages.php</filename>
		<filename>index.html</filename>
	</files>

	<languages>
		<language tag="en-GB">en-GB.plg_system_miniteksystemmessages.ini</language>
		<language tag="en-GB">en-GB.plg_system_miniteksystemmessages.sys.ini</language>
	</languages>

	<updateservers>
  	<server type="extension" priority="1" name="Minitek System Messages - System plugin"><![CDATA[http://update.minitek.gr/joomla-extensions/plg_system_miniteksystemmessages.xml]]></server>
  </updateservers>

	<config>

		<fields name="params" addfieldpath="/plugins/system/miniteksystemmessages/admin/fields">

			<fieldset name="basic">

				<field
					type="asset"
					path="/plugins/system/miniteksystemmessages/admin/"
				/>

			</fieldset>

			<fieldset name="PLG_SYSTEM_MINITEK_SYSTEM_MESSAGES_SYSTEM_MESSAGES">

				<field
					name="joomla_container"
					type="text"
					default="system-message-container"
					label="PLG_SYSTEM_MINITEK_SYSTEM_MESSAGES_CONFIG_JOOMLA_SYSTEM_MESSAGES_CONTAINER_ID_LABEL"
					description="PLG_SYSTEM_MINITEK_SYSTEM_MESSAGES_CONFIG_JOOMLA_SYSTEM_MESSAGES_CONTAINER_ID_DESC"
				/>

				<field
					name="enable_backend"
					type="radio"
					class="btn-group"
					default="0"
					label="PLG_SYSTEM_MINITEK_SYSTEM_MESSAGES_CONFIG_ENABLE_IN_BACKEND_LABEL"
					description="PLG_SYSTEM_MINITEK_SYSTEM_MESSAGES_CONFIG_ENABLE_IN_BACKEND_DESC"
				>
					<option value="0">JNO</option>
					<option value="1">JYES</option>
				</field>

				<field
					name="enable_frontend"
					type="radio"
					class="btn-group"
					default="1"
					label="PLG_SYSTEM_MINITEK_SYSTEM_MESSAGES_CONFIG_ENABLE_IN_FRONTEND_LABEL"
					description="PLG_SYSTEM_MINITEK_SYSTEM_MESSAGES_CONFIG_ENABLE_IN_FRONTEND_DESC"
				>
					<option value="0">JNO</option>
					<option value="1">JYES</option>
				</field>

				<field
					name="login_message"
					type="radio"
					class="btn-group"
					default="0"
					label="PLG_SYSTEM_MINITEK_SYSTEM_MESSAGES_CONFIG_LOGIN_MESSAGE_LABEL"
					description="PLG_SYSTEM_MINITEK_SYSTEM_MESSAGES_CONFIG_LOGIN_MESSAGE_DESC"
				>
					<option value="0">JNO</option>
					<option value="1">JYES</option>
				</field>

			</fieldset>

			<fieldset name="PLG_SYSTEM_MINITEK_SYSTEM_MESSAGES_SETTINGS">

				<field
					name="load_fontawesome"
					type="radio"
					class="btn-group"
					default="1"
					label="PLG_SYSTEM_MINITEK_SYSTEM_MESSAGES_CONFIG_LOAD_FONT_AWESOME_LABEL"
					description="PLG_SYSTEM_MINITEK_SYSTEM_MESSAGES_CONFIG_LOAD_FONT_AWESOME_DESC"
				>
					<option value="0">JNO</option>
					<option value="1">JYES</option>
				</field>

				<field
					name="fontawesome_version"
					type="text"
					default="4.7.0"
					label="PLG_SYSTEM_MINITEK_SYSTEM_MESSAGES_CONFIG_FONT_AWESOME_VERSION_LABEL"
					description="PLG_SYSTEM_MINITEK_SYSTEM_MESSAGES_CONFIG_FONT_AWESOME_VERSION_DESC"
				/>

				<field
					name="load_jgrowl"
					type="radio"
					class="btn-group"
					default="1"
					label="PLG_SYSTEM_MINITEK_SYSTEM_MESSAGES_CONFIG_LOAD_JGROWL_LABEL"
					description="PLG_SYSTEM_MINITEK_SYSTEM_MESSAGES_CONFIG_LOAD_JGROWL_DESC"
				>
					<option value="0">JNO</option>
					<option value="1">JYES</option>
				</field>

				<field
					name="jgrowl_pool"
					type="text"
					default="0"
					filter="integer"
					label="PLG_SYSTEM_MINITEK_SYSTEM_MESSAGES_CONFIG_JGROWL_POOL_LABEL"
					description="PLG_SYSTEM_MINITEK_SYSTEM_MESSAGES_CONFIG_JGROWL_POOL_DESC"
				/>

				<field
					name="jgrowl_closer"
					type="radio"
					class="btn-group"
					default="1"
					label="PLG_SYSTEM_MINITEK_SYSTEM_MESSAGES_CONFIG_JGROWL_CLOSE_ALL_BUTTON_LABEL"
					description="PLG_SYSTEM_MINITEK_SYSTEM_MESSAGES_CONFIG_JGROWL_CLOSE_ALL_BUTTON_DESC"
				>
					<option value="0">JHIDE</option>
					<option value="1">JSHOW</option>
				</field>

				<field
					name="jgrowl_sticky"
					type="radio"
					class="btn-group"
					default="0"
					label="PLG_SYSTEM_MINITEK_SYSTEM_MESSAGES_CONFIG_JGROWL_STICKY_LABEL"
					description="PLG_SYSTEM_MINITEK_SYSTEM_MESSAGES_CONFIG_JGROWL_STICKY_DESC"
				>
					<option value="0">JNO</option>
					<option value="1">JYES</option>
				</field>

				<field
					name="jgrowl_theme"
					type="list"
					default="default"
					label="PLG_SYSTEM_MINITEK_SYSTEM_MESSAGES_CONFIG_JGROWL_THEME_LABEL"
					description="PLG_SYSTEM_MINITEK_SYSTEM_MESSAGES_CONFIG_JGROWL_THEME_DESC"
				>
					<option value="default">PLG_SYSTEM_MINITEK_SYSTEM_MESSAGES_CONFIG_OPTION_DEFAULT</option>
					<option value="minimal">PLG_SYSTEM_MINITEK_SYSTEM_MESSAGES_CONFIG_OPTION_MINIMAL</option>
				</field>

				<field
					name="jgrowl_position"
					type="list"
					default="top-left"
					label="PLG_SYSTEM_MINITEK_SYSTEM_MESSAGES_CONFIG_JGROWL_POSITION_LABEL"
					description="PLG_SYSTEM_MINITEK_SYSTEM_MESSAGES_CONFIG_JGROWL_POSITION_DESC"
				>
					<option value="top-left">PLG_SYSTEM_MINITEK_SYSTEM_MESSAGES_CONFIG_OPTION_TOP_LEFT</option>
					<option value="top-right">PLG_SYSTEM_MINITEK_SYSTEM_MESSAGES_CONFIG_OPTION_TOP_RIGHT</option>
					<option value="bottom-left">PLG_SYSTEM_MINITEK_SYSTEM_MESSAGES_CONFIG_OPTION_BOTTOM_LEFT</option>
					<option value="bottom-right">PLG_SYSTEM_MINITEK_SYSTEM_MESSAGES_CONFIG_OPTION_BOTTOM_RIGHT</option>
					<option value="center">PLG_SYSTEM_MINITEK_SYSTEM_MESSAGES_CONFIG_OPTION_CENTER</option>
					<option value="screen-center">PLG_SYSTEM_MINITEK_SYSTEM_MESSAGES_CONFIG_OPTION_SCREEN_CENTER</option>
				</field>

				<field
					name="jgrowl_glue"
					type="radio"
					class="btn-group"
					default="after"
					label="PLG_SYSTEM_MINITEK_SYSTEM_MESSAGES_CONFIG_JGROWL_GLUE_LABEL"
					description="PLG_SYSTEM_MINITEK_SYSTEM_MESSAGES_CONFIG_JGROWL_GLUE_DESC"
				>
					<option value="before">PLG_SYSTEM_MINITEK_SYSTEM_MESSAGES_CONFIG_OPTION_BEFORE</option>
					<option value="after">PLG_SYSTEM_MINITEK_SYSTEM_MESSAGES_CONFIG_OPTION_AFTER</option>
				</field>

				<field
					name="jgrowl_life"
					type="text"
					default="3000"
					filter="integer"
					label="PLG_SYSTEM_MINITEK_SYSTEM_MESSAGES_CONFIG_JGROWL_LIFE_LABEL"
					description="PLG_SYSTEM_MINITEK_SYSTEM_MESSAGES_CONFIG_JGROWL_LIFE_DESC"
				/>

				<field
					name="jgrowl_openduration"
					type="text"
					default="500"
					filter="integer"
					label="PLG_SYSTEM_MINITEK_SYSTEM_MESSAGES_CONFIG_JGROWL_OPEN_DURATION_LABEL"
					description="PLG_SYSTEM_MINITEK_SYSTEM_MESSAGES_CONFIG_JGROWL_OPEN_DURATION_DESC"
				/>

				<field
					name="jgrowl_closeduration"
					type="text"
					default="500"
					filter="integer"
					label="PLG_SYSTEM_MINITEK_SYSTEM_MESSAGES_CONFIG_JGROWL_CLOSE_DURATION_LABEL"
					description="PLG_SYSTEM_MINITEK_SYSTEM_MESSAGES_CONFIG_JGROWL_CLOSE_DURATION_DESC"
				/>

				<field
					name="group_messages"
					type="radio"
					class="btn-group"
					default="0"
					label="PLG_SYSTEM_MINITEK_SYSTEM_MESSAGES_CONFIG_GROUP_MESSAGES_LABEL"
					description="PLG_SYSTEM_MINITEK_SYSTEM_MESSAGES_CONFIG_GROUP_MESSAGES_DESC"
				>
					<option value="0">JNO</option>
					<option value="1">JYES</option>
				</field>

			</fieldset>

			<fieldset name="PLG_SYSTEM_MINITEK_SYSTEM_MESSAGES_COLORS">

				<field name="separator_message" type="separator" text="PLG_SYSTEM_MINITEK_SYSTEM_MESSAGES_CONFIG_SEPARATOR_MESSAGE" />

				<field
					name="message_background"
					type="color"
					default="#28c88a"
					label="PLG_SYSTEM_MINITEK_SYSTEM_MESSAGES_CONFIG_MESSAGE_BACKGROUND_LABEL"
					description="PLG_SYSTEM_MINITEK_SYSTEM_MESSAGES_CONFIG_MESSAGE_BACKGROUND_DESC"
				/>

				<field
					name="message_color"
					type="color"
					default="#ffffff"
					label="PLG_SYSTEM_MINITEK_SYSTEM_MESSAGES_CONFIG_MESSAGE_COLOR_LABEL"
					description="PLG_SYSTEM_MINITEK_SYSTEM_MESSAGES_CONFIG_MESSAGE_COLOR_DESC"
				/>

				<field
					name="message_icon"
					type="color"
					default="#ffffff"
					label="PLG_SYSTEM_MINITEK_SYSTEM_MESSAGES_CONFIG_MESSAGE_ICON_LABEL"
					description="PLG_SYSTEM_MINITEK_SYSTEM_MESSAGES_CONFIG_MESSAGE_ICON_DESC"
				/>

				<field
					name="message_border"
					type="color"
					default="#2fad7f"
					label="PLG_SYSTEM_MINITEK_SYSTEM_MESSAGES_CONFIG_MESSAGE_BORDER_LABEL"
					description="PLG_SYSTEM_MINITEK_SYSTEM_MESSAGES_CONFIG_MESSAGE_BORDER_DESC"
				/>

				<field name="separator_notice" type="separator" text="PLG_SYSTEM_MINITEK_SYSTEM_MESSAGES_CONFIG_SEPARATOR_NOTICE" />

				<field
					name="notice_background"
					type="color"
					default="#e1f4ff"
					label="PLG_SYSTEM_MINITEK_SYSTEM_MESSAGES_CONFIG_NOTICE_BACKGROUND_LABEL"
					description="PLG_SYSTEM_MINITEK_SYSTEM_MESSAGES_CONFIG_NOTICE_BACKGROUND_DESC"
				/>

				<field
					name="notice_color"
					type="color"
					default="#4f90bf"
					label="PLG_SYSTEM_MINITEK_SYSTEM_MESSAGES_CONFIG_NOTICE_COLOR_LABEL"
					description="PLG_SYSTEM_MINITEK_SYSTEM_MESSAGES_CONFIG_NOTICE_COLOR_DESC"
				/>

				<field
					name="notice_icon"
					type="color"
					default="#4f90bf"
					label="PLG_SYSTEM_MINITEK_SYSTEM_MESSAGES_CONFIG_NOTICE_ICON_LABEL"
					description="PLG_SYSTEM_MINITEK_SYSTEM_MESSAGES_CONFIG_NOTICE_ICON_DESC"
				/>

				<field
					name="notice_border"
					type="color"
					default="#87ccfa"
					label="PLG_SYSTEM_MINITEK_SYSTEM_MESSAGES_CONFIG_NOTICE_BORDER_LABEL"
					description="PLG_SYSTEM_MINITEK_SYSTEM_MESSAGES_CONFIG_NOTICE_BORDER_DESC"
				/>

				<field name="separator_warning" type="separator" text="PLG_SYSTEM_MINITEK_SYSTEM_MESSAGES_CONFIG_SEPARATOR_WARNING" />

				<field
					name="warning_background"
					type="color"
					default="#ed7248"
					label="PLG_SYSTEM_MINITEK_SYSTEM_MESSAGES_CONFIG_WARNING_BACKGROUND_LABEL"
					description="PLG_SYSTEM_MINITEK_SYSTEM_MESSAGES_CONFIG_WARNING_BACKGROUND_DESC"
				/>

				<field
					name="warning_color"
					type="color"
					default="#ffffff"
					label="PLG_SYSTEM_MINITEK_SYSTEM_MESSAGES_CONFIG_WARNING_COLOR_LABEL"
					description="PLG_SYSTEM_MINITEK_SYSTEM_MESSAGES_CONFIG_WARNING_COLOR_DESC"
				/>

				<field
					name="warning_icon"
					type="color"
					default="#ffffff"
					label="PLG_SYSTEM_MINITEK_SYSTEM_MESSAGES_CONFIG_WARNING_ICON_LABEL"
					description="PLG_SYSTEM_MINITEK_SYSTEM_MESSAGES_CONFIG_WARNING_ICON_DESC"
				/>

				<field
					name="warning_border"
					type="color"
					default="#d66437"
					label="PLG_SYSTEM_MINITEK_SYSTEM_MESSAGES_CONFIG_WARNING_BORDER_LABEL"
					description="PLG_SYSTEM_MINITEK_SYSTEM_MESSAGES_CONFIG_WARNING_BORDER_DESC"
				/>

				<field name="separator_error" type="separator" text="PLG_SYSTEM_MINITEK_SYSTEM_MESSAGES_CONFIG_SEPARATOR_ERROR" />

				<field
					name="error_background"
					type="color"
					default="#eb6f57"
					label="PLG_SYSTEM_MINITEK_SYSTEM_MESSAGES_CONFIG_ERROR_BACKGROUND_LABEL"
					description="PLG_SYSTEM_MINITEK_SYSTEM_MESSAGES_CONFIG_ERROR_BACKGROUND_DESC"
				/>

				<field
					name="error_color"
					type="color"
					default="#ffffff"
					label="PLG_SYSTEM_MINITEK_SYSTEM_MESSAGES_CONFIG_ERROR_COLOR_LABEL"
					description="PLG_SYSTEM_MINITEK_SYSTEM_MESSAGES_CONFIG_ERROR_COLOR_DESC"
				/>

				<field
					name="error_icon"
					type="color"
					default="#ffffff"
					label="PLG_SYSTEM_MINITEK_SYSTEM_MESSAGES_CONFIG_ERROR_ICON_LABEL"
					description="PLG_SYSTEM_MINITEK_SYSTEM_MESSAGES_CONFIG_ERROR_ICON_DESC"
				/>

				<field
					name="error_border"
					type="color"
					default="#f04124"
					label="PLG_SYSTEM_MINITEK_SYSTEM_MESSAGES_CONFIG_ERROR_BORDER_LABEL"
					description="PLG_SYSTEM_MINITEK_SYSTEM_MESSAGES_CONFIG_ERROR_BORDER_DESC"
				/>

				<field name="separator_closer" type="separator" text="PLG_SYSTEM_MINITEK_SYSTEM_MESSAGES_CONFIG_SEPARATOR_CLOSER" />

				<field
					name="closer_background"
					type="color"
					default="#333333"
					label="PLG_SYSTEM_MINITEK_SYSTEM_MESSAGES_CONFIG_CLOSER_BACKGROUND_LABEL"
					description="PLG_SYSTEM_MINITEK_SYSTEM_MESSAGES_CONFIG_CLOSER_BACKGROUND_DESC"
				/>

				<field
					name="closer_color"
					type="color"
					default="#ffffff"
					label="PLG_SYSTEM_MINITEK_SYSTEM_MESSAGES_CONFIG_CLOSER_COLOR_LABEL"
					description="PLG_SYSTEM_MINITEK_SYSTEM_MESSAGES_CONFIG_CLOSER_COLOR_DESC"
				/>

				<field
					name="closer_border"
					type="color"
					default="#000000"
					label="PLG_SYSTEM_MINITEK_SYSTEM_MESSAGES_CONFIG_CLOSER_BORDER_LABEL"
					description="PLG_SYSTEM_MINITEK_SYSTEM_MESSAGES_CONFIG_CLOSER_BORDER_DESC"
				/>

			</fieldset>

		</fields>

	</config>

</extension>
