<?xml version="1.0" encoding="utf-8"?>
<!--
/**
 * @copyright	Copyright (c) 2014 Skyline Technology Ltd (http://extstore.com). All rights reserved.
 * @license		GNU General Public License version 2 or later; see LICENSE.txt
 */
-->
<extension type="plugin" version="3.0" group="system" method="upgrade">
	<name>plg_system_loginpopup</name>
	<author>ExtStore</author>
	<creationDate>October 2014</creationDate>
	<copyright>Copyright (c) 2014 ExtStore. All rights reserved.</copyright>
	<license>GNU General Public License version 2 or later; see LICENSE.txt</license>
	<authorEmail>admin@extstore.com</authorEmail>
	<authorUrl>http://extstore.com</authorUrl>
	<version>1.0.0</version>
	<description>
	<![CDATA[
		Shows login form as popup
	]]>
	</description>

	<files>
		<folder>layouts</folder>
		<filename plugin="loginpopup">loginpopup.php</filename>
		<filename>helper.php</filename>
		<filename>index.html</filename>
	</files>

	<media folder="media" destination="plg_system_loginpopup">
		<folder>css</folder>
		<folder>images</folder>
		<folder>js</folder>
		<filename>index.html</filename>
	</media>

	<languages>
		<language tag="en-GB">en-GB.plg_system_loginpopup.ini</language>
		<language tag="en-GB">en-GB.plg_system_loginpopup.sys.ini</language>
	</languages>

	<config>
		<fields name="params">
			<fieldset name="basic">
				<field
					name="selector"
					type="text"
					label="PLG_SYSTEM_LOGINPOPUP_FIELD_SELECTOR_LABEL"
					description="PLG_SYSTEM_LOGINPOPUP_FIELD_SELECTOR_DESC"
					default="a[href=&quot;#login&quot;], a[href=&quot;#logout&quot;]"
				/>

				<field
					name="offset_top"
					type="text"
					label="PLG_SYSTEM_LOGINPOPUP_FIELD_OFFSET_TOP_LABEL"
					description="PLG_SYSTEM_LOGINPOPUP_FIELD_OFFSET_TOP_DESC"
					default="50"
				/>

				<field
					name="login"
					type="menuitem"
					disable="separator"
					label="PLG_SYSTEM_LOGINPOPUP_FIELD_LOGIN_REDIRECTURL_LABEL"
					description="PLG_SYSTEM_LOGINPOPUP_FIELD_LOGIN_REDIRECTURL_DESC"
				>
					<option value="">JDEFAULT</option>
				</field>

				<field
					name="logout"
					type="menuitem"
					disable="separator"
					label="PLG_SYSTEM_LOGINPOPUP_FIELD_LOGOUT_REDIRECTURL_LABEL"
					description="PLG_SYSTEM_LOGINPOPUP_FIELD_LOGOUT_REDIRECTURL_DESC"
				>
					<option value="">JDEFAULT</option>
				</field>

				<field
					name="greeting"
					type="radio"
					class="btn-group btn-group-yesno"
					default="1"
					label="PLG_SYSTEM_LOGINPOPUP_FIELD_GREETING_LABEL"
					description="PLG_SYSTEM_LOGINPOPUP_FIELD_GREETING_DESC"
				>
					<option value="1">JYES</option>
					<option value="0">JNO</option>
				</field>

				<field
					name="name"
					type="list"
					default="0"
					label="PLG_SYSTEM_LOGINPOPUP_FIELD_NAME_LABEL"
					description="PLG_SYSTEM_LOGINPOPUP_FIELD_NAME_DESC"
				>
					<option value="0">PLG_SYSTEM_LOGINPOPUP_VALUE_NAME</option>
					<option value="1">PLG_SYSTEM_LOGINPOPUP_VALUE_USERNAME</option>
				</field>

				<field
					name="usesecure"
					type="radio"
					class="btn-group btn-group-yesno"
					default="0"
					label="PLG_SYSTEM_LOGINPOPUP_FIELD_USESECURE_LABEL"
					description="PLG_SYSTEM_LOGINPOPUP_FIELD_USESECURE_DESC"
				>
					<option value="1">JYES</option>
					<option value="0">JNO</option>
				</field>
			</fieldset>
		</fields>
	</config>
</extension>